{
  "date": "2021-08-15T00:30:20.099Z",
  "title": "Cliente Nathalia Miranda ♥️ Vestido Isabelle - Mai/21",
  "thumbnail": "/img/uploads/21-anatuori-amoanatuori-1-.jpg",
  "sections": [
    {
      "type": "banners-grid",
      "banners": [
        {
          "img": "/img/uploads/21-anatuori-amoanatuori-1-.jpg"
        },
        {
          "img": "/img/uploads/21-anatuori-amoanatuori.jpg"
        }
      ]
    },
    {
      "type": "blog",
      "enabled": true
    }
  ],
  "body": "![](/img/uploads/21-anatuori-amoanatuori.jpg)"
}