{
  "assetsByChunkName": {
    "vendors~app-account~app-checkout~app-confirmation~app-order": "chunk.4ecbcbb1e6841e2e61e2.js",
    "vendors~app-account~app-confirmation~app-order": "chunk.8cea219abb2f2d366907.js",
    "vendors~app-account~app-checkout": "chunk.914af3c913439b22e3b0.js",
    "vendors~app-cart~app-checkout": "chunk.e5fff0b453e9e0be5333.js",
    "admin": [
      "admin.d694f1122d41a65bf0fc.js",
      "admin.d694f1122d41a65bf0fc.js.map"
    ],
    "app-account": "chunk.807c55aafdb33910df31.js",
    "app-checkout": "chunk.abcf434b8e807278fd51.js",
    "app-confirmation": "chunk.86ff71785f07f8187efe.js",
    "app-order": "chunk.77fa64b5682ff395ac4a.js",
    "checkout": [
      "checkout.952382c4e0ab9caa1039.js",
      "checkout.952382c4e0ab9caa1039.js.map"
    ],
    "storefront": [
      "storefront.72f552317a73a8944825.css",
      "storefront.d57094557668657d4c61.js",
      "storefront.72f552317a73a8944825.css.map",
      "storefront.d57094557668657d4c61.js.map"
    ],
    "vendors~app-cart": "chunk.552198c806406e18ef5b.js"
  }
}