{
  "marketing_stripe": {
    "text": "FRETE GRÁTIS nas compras acima de R$499",
    "link": "/promotion",
    "background": "#f6cbbe",
    "color": "#5d0000"
  },
  "contacts_stripe": {
    "pages": [],
    "phone_wpp": true,
    "socials": true
  },
  "categories_list": {
    "featured": [
      "/noivas/?Noivas",
      "/vestidos-de-festa/?Festa",
      "/cores/?Por Cores",
      "/casual/?Casual",
      "/acessorios/?Acessórios",
      "/marsala?Marsala"
    ],
    "random": 0,
    "full_width": false
  },
  "search_input": true
}