{
  "meta_title": "Ana Tuori | Loja de Vestidos de Festa, Casamento Civil e Mais",
  "meta_description": "Encontre o seu Vestido de Noiva para Casamento Civil, Vestido de Festa e Vestido de Formatura em diversas cores. Temos Vestidos Curtos, Midi e Longos. Parcele em até 6x sem juros!",
  "sections": [
    {
      "type": "banner-slider",
      "autoplay": 9000,
      "slides": [
        {
          "img": "/img/uploads/banner-iii-3-.png",
          "link": "/headset",
          "alt": "Headset banner",
          "start": "2021-08-14T21:46:14.029Z",
          "end": "2025-01-01T21:33:03.755Z",
          "mobile_img": "/img/uploads/ana-tuori-banners-26-.png"
        },
        {
          "img": "/img/uploads/banner-iii-4-.png",
          "link": "/headset",
          "alt": "Headset banner",
          "start": "2021-08-14T21:46:19.877Z",
          "end": ""
        },
        {
          "img": "/img/uploads/banner-iii-6-.png",
          "link": "/headset",
          "alt": "Headset banner",
          "start": "2021-08-14T21:46:24.839Z",
          "end": ""
        },
        {
          "img": "/img/uploads/banner-iii-7-.png",
          "link": "/headset",
          "alt": "Headset banner",
          "start": "2021-08-14T21:46:30.215Z",
          "end": ""
        }
      ]
    },
    {
      "type": "responsive-banner",
      "img": "/img/uploads/Ana-Tuori-Banner-Tarja-4.jpg",
      "mobile_img": "/img/uploads/Ana-Tuori-Banner-Tarja-Mobile-4.jpg"
    },
    {
      "type": "collection-shelf",
      "shuffle": true,
      "collection_id": null,
      "limit": 12,
      "page": 1,
      "sort": "news",
      "title": "Lançamentos"
    },
    {
      "type": "banners-grid",
      "banners": [
        {
          "img": "/img/uploads/ana-tuori-banners-trio-4-.jpg"
        },
        {
          "img": "/img/uploads/ana-tuori-banner-trio-2-.jpg"
        },
        {
          "img": "/img/uploads/ana-tuori-banner-trio-3-.jpg"
        }
      ]
    },
    {
      "type": "collection-shelf",
      "shuffle": true,
      "limit": 12,
      "page": 1,
      "collection_id": "5ffe303669274c73fcf4501f:categories:Noivas:/noivas/"
    },
    {
      "type": "collection-shelf",
      "shuffle": true,
      "limit": 12,
      "page": 1,
      "collection_id": "5ffe303d69274c73fcf45031:categories:Vestidos de Festa Longos:/vestidos-longos/",
      "sort": "views"
    },
    {
      "type": "collection-shelf",
      "shuffle": true,
      "limit": 12,
      "page": 4,
      "collection_id": "5ffe303d69274c73fcf45031:categories:Vestidos de Festa Longos:/vestidos-longos/",
      "headless": true,
      "sort": "views"
    },
    {
      "type": "collection-shelf",
      "shuffle": true,
      "limit": 12,
      "page": 1,
      "collection_id": "5ffe303e69274c73fcf45034:categories:Vestidos de Festa Curtos e Midi:/vestidos-curtos-e-midi/",
      "sort": "views"
    },
    {
      "type": "collection-shelf",
      "shuffle": false,
      "limit": 12,
      "page": 1,
      "sort": "offers",
      "title": "PROMO"
    },
    {
      "type": "custom-content",
      "markdown": "## *[Nossas Clientes](https://ana-tuori-loja.netlify.app/blog/)*"
    },
    {
      "type": "custom-html",
      "html": "<div class=\"blog my-4 my-lg-5\">\n    <div class=\"container\">\n        <div class=\"row\">\n            <div class=\"col col-md-6 col-lg-4\">\n                <div class=\"card\"><a href=\"/posts/cliente-betania-fernandes-vestido-lorena-abr-21\"><img\n                            src=\"/img/uploads/21-anatuori-amoanatuori-anatuoribride5.jpg\" class=\"card-img-top\" alt=\"Cliente Betânia Fernandes ♥️ Vestido Lorena - Abr/21\"></a>\n                    <div class=\"card-body\">\n                        <h5 class=\"card-title\"><a href=\"/posts/cliente-betania-fernandes-vestido-lorena-abr-21\">Cliente Betânia Fernandes ♥️ Vestido Lorena - Abr/21\n                                </a></h5>\n                        <p class=\"card-text\"></p>\n                    </div>\n                </div>\n            </div>\n            <div class=\"col col-md-6 col-lg-4\">\n                <div class=\"card\"><a href=\"/posts/cliente-gilda-magalhaes-vestido-grace-mar-21\"><img src=\"/img/uploads/21-anatuori-amoanatuori-anatuoribride-1-.jpg\"\n                            class=\"card-img-top\" alt=\"Cliente Gilda Magalhães ♥️ Vestido Grace - Mar/21\"></a>\n                    <div class=\"card-body\">\n                        <h5 class=\"card-title\"><a href=\"/posts/cliente-gilda-magalhaes-vestido-grace-mar-21\">Cliente Gilda Magalhães ♥️ Vestido Grace - Mar/21\n                                </a></h5>\n                        <p class=\"card-text\"></p>\n                    </div>\n                </div>\n            </div>\n            <div class=\"col col-md-6 col-lg-4\">\n                <div class=\"card\"><a href=\"/posts/cliente-nathalia-miranda-vestido-isabelle-mai-21\"><img src=\"/img/uploads/21-anatuori-amoanatuori.jpg\"\n                            class=\"card-img-top\" alt=\"Cliente Nathalia Miranda ♥️ Vestido Isabelle - Mai/21 \"></a>\n                    <div class=\"card-body\">\n                        <h5 class=\"card-title\"><a href=\"/posts/cliente-nathalia-miranda-vestido-isabelle-mai-21\">Cliente Nathalia Miranda ♥️ Vestido Isabelle - Mai/21 \n                                </a></h5>\n                        <p class=\"card-text\"></p>\n                    </div>\n                </div>\n            </div>\n        </div>\n    </div>\n</div>"
    }
  ]
}